,,,,,,(mg NH3-N/m2/min),,%/h,(mg/m2),Fraction of applied TAN,%
elapsed.time,rep,date.time,treatment,group,date,NH3.flux.hour,tanloss,tanloss.per,cum,cum.tan,cum.tan.per
0,1,6/30/25 3:00,Acid treatment,acid treatment,6/30/25,-0.088636613,-1.46E-05,-0.001460613,0,0,0
0,2,6/30/25 3:00,Acid treatment,acid treatment,6/30/25,0.242764792,4.00E-05,0.00400044,0,0,0
0,3,6/30/25 3:00,Acid treatment,acid treatment,6/30/25,0.34182788,5.63E-05,0.005632867,0,0,0
1,1,6/30/25 4:00,Acid treatment,acid treatment,6/30/25,-1.358824998,-0.000223916,-0.022391623,-0.723730805,-0.000119261,-0.011926118
1,2,6/30/25 4:00,Acid treatment,acid treatment,6/30/25,0.424158703,6.99E-05,0.006989569,0.333461747,5.50E-05,0.005495005
1,3,6/30/25 5:00,Acid treatment,acid treatment,6/30/25,0.002097109,3.46E-07,3.46E-05,0.171962494,2.83E-05,0.002833712
2,1,6/30/25 5:00,Acid treatment,acid treatment,6/30/25,-0.586601433,-9.67E-05,-0.009666409,-1.69644402,-0.000279551,-0.027955134
2,2,6/30/25 5:00,Acid treatment,acid treatment,6/30/25,0.602166775,9.92E-05,0.009922905,0.846624486,0.000139512,0.013951242
2,3,6/30/25 6:00,Acid treatment,acid treatment,6/30/25,0.541961678,8.93E-05,0.008930805,0.443991888,7.32E-05,0.007316394
4,1,6/30/25 6:00,Acid treatment,acid treatment,6/30/25,-0.665347503,-0.00010964,-0.010964039,-2.948392956,-0.000485856,-0.048585581
4,2,6/30/25 7:00,Acid treatment,acid treatment,6/30/25,1.431935485,0.000235964,0.023596386,2.880726746,0.000474705,0.047470532
4,3,6/30/25 7:00,Acid treatment,acid treatment,6/30/25,1.155662251,0.000190438,0.019043772,2.141615817,0.00035291,0.035290971
5,1,6/30/25 7:00,Acid treatment,acid treatment,6/30/25,-0.653184592,-0.000107636,-0.01076361,-3.607659003,-0.000594494,-0.059449406
5,2,6/30/25 8:00,Acid treatment,acid treatment,6/30/25,2.403346474,0.000396039,0.039603943,4.798367725,0.000790707,0.079070697
5,3,6/30/25 8:00,Acid treatment,acid treatment,6/30/25,1.541471439,0.000254014,0.025401392,3.490182662,0.000575136,0.057513553
6,1,6/30/25 9:00,Acid treatment,acid treatment,6/30/25,-0.303898499,-5.01E-05,-0.005007842,-4.086200548,-0.000673351,-0.067335132
6,2,6/30/25 9:00,Acid treatment,acid treatment,6/30/25,3.053092262,0.000503109,0.050310886,7.526587093,0.001240281,0.124028111
6,3,6/30/25 9:00,Acid treatment,acid treatment,6/30/25,2.895102365,0.000477074,0.047707423,5.708469564,0.00094068,0.09406796
7,1,6/30/25 10:00,Acid treatment,acid treatment,6/30/25,1.205842556,0.000198707,0.019870676,-3.63522852,-0.000599037,-0.059903715
7,2,6/30/25 10:00,Acid treatment,acid treatment,6/30/25,2.996644976,0.000493807,0.04938071,10.55145571,0.001738739,0.173873909
7,3,6/30/25 11:00,Acid treatment,acid treatment,6/30/25,3.708747908,0.000611152,0.061115216,9.0103947,0.001484793,0.14847928
8,1,6/30/25 11:00,Acid treatment,acid treatment,6/30/25,1.406730238,0.00023181,0.023181037,-2.328942122,-0.000383779,-0.038377858
8,2,6/30/25 11:00,Acid treatment,acid treatment,6/30/25,3.003060685,0.000494864,0.049486432,13.55130854,0.002233075,0.22330748
8,3,6/30/25 12:00,Acid treatment,acid treatment,6/30/25,3.838848946,0.000632591,0.063259108,12.78419313,0.002106664,0.210666442
10,1,6/30/25 12:00,Acid treatment,acid treatment,6/30/25,1.511099646,0.000249009,0.024900906,0.588887761,9.70E-05,0.009704084
10,2,6/30/25 13:00,Acid treatment,acid treatment,6/30/25,2.62545644,0.00043264,0.043264018,19.17982567,0.003160579,0.316057931
10,3,6/30/25 13:00,Acid treatment,acid treatment,6/30/25,3.640747161,0.000599947,0.059994655,20.26378924,0.003339202,0.333920204
11,1,6/30/25 13:00,Acid treatment,acid treatment,6/30/25,1.832529953,0.000301976,0.030197648,2.26070256,0.000372534,0.037253361
11,2,6/30/25 14:00,Acid treatment,acid treatment,6/30/25,2.565200103,0.000422711,0.042271074,21.77515394,0.003588255,0.358825478
11,3,6/30/25 14:00,Acid treatment,acid treatment,6/30/25,2.717780709,0.000447854,0.044785399,23.44305317,0.003863102,0.386310231
12,1,6/30/25 15:00,Acid treatment,acid treatment,6/30/25,1.345763468,0.000221764,0.022176386,3.84984927,0.000634404,0.063440378
12,2,6/30/25 15:00,Acid treatment,acid treatment,6/30/25,0.913053094,0.000150459,0.015045897,23.51428054,0.00387484,0.387483963
12,3,6/30/25 15:00,Acid treatment,acid treatment,6/30/25,0.331422973,5.46E-05,0.005461408,24.96765501,0.004114336,0.411433635
13,1,6/30/25 16:00,Acid treatment,acid treatment,6/30/25,0.232054781,3.82E-05,0.003823953,4.638758395,0.000764405,0.076440548
13,2,6/30/25 16:00,Acid treatment,acid treatment,6/30/25,-0.242054787,-3.99E-05,-0.00398874,23.84977969,0.003930125,0.393012541
13,3,6/30/25 17:00,Acid treatment,acid treatment,6/30/25,-0.381160996,-6.28E-05,-0.006281025,24.942786,0.004110238,0.411023827
14,1,6/30/25 17:00,Acid treatment,acid treatment,6/30/25,-0.261598855,-4.31E-05,-0.0043108,4.623986357,0.000761971,0.076197124
14,2,6/30/25 17:00,Acid treatment,acid treatment,6/30/25,-0.344477679,-5.68E-05,-0.005676532,23.55651346,0.003881799,0.388179905
14,3,6/30/25 18:00,Acid treatment,acid treatment,6/30/25,-0.267376793,-4.41E-05,-0.004406013,24.6185171,0.004056803,0.405680308
16,1,6/30/25 18:00,Acid treatment,acid treatment,6/30/25,-0.488947746,-8.06E-05,-0.008057206,3.873439756,0.000638291,0.063829118
16,2,6/30/25 19:00,Acid treatment,acid treatment,6/30/25,-0.381870915,-6.29E-05,-0.006292723,22.83016486,0.003762106,0.37621065
16,3,6/30/25 19:00,Acid treatment,acid treatment,6/30/25,-0.350833757,-5.78E-05,-0.005781272,24.00030655,0.00395493,0.395493023
17,1,6/30/25 19:00,Acid treatment,acid treatment,6/30/25,-0.626155666,-0.000103182,-0.01031821,3.315888051,0.000546414,0.05464141
17,2,6/30/25 20:00,Acid treatment,acid treatment,6/30/25,-0.547231714,-9.02E-05,-0.009017648,22.36561355,0.003685555,0.368555464
17,3,6/30/25 20:00,Acid treatment,acid treatment,6/30/25,-0.523038434,-8.62E-05,-0.008618975,23.56337046,0.003882929,0.3882929
18,1,6/30/25 21:00,Acid treatment,acid treatment,6/30/25,-0.692956685,-0.00011419,-0.011419001,2.656331875,0.000437728,0.043772804
18,2,6/30/25 21:00,Acid treatment,acid treatment,6/30/25,-0.462839192,-7.63E-05,-0.007626972,21.8605781,0.003602332,0.360233154
18,3,6/30/25 21:00,Acid treatment,acid treatment,6/30/25,-0.414572689,-6.83E-05,-0.006831605,23.0945649,0.003805676,0.38056761
19,1,6/30/25 22:00,Acid treatment,acid treatment,6/30/25,-0.757569878,-0.000124837,-0.012483741,1.931068593,0.000318214,0.031821433
19,2,6/30/25 22:00,Acid treatment,acid treatment,6/30/25,-0.661128073,-0.000108945,-0.010894508,21.29859447,0.003509724,0.350972414
19,3,6/30/25 23:00,Acid treatment,acid treatment,6/30/25,-0.695719629,-0.000114645,-0.011464531,22.53941874,0.003714195,0.371419542
20,1,6/30/25 23:00,Acid treatment,acid treatment,6/30/25,-1.974136936,-0.000325311,-0.032531142,0.565215186,9.31E-05,0.009313992
20,2,6/30/25 23:00,Acid treatment,acid treatment,6/30/25,-1.203714774,-0.000198356,-0.019835613,20.36617304,0.003356074,0.335607353
20,3,7/1/25,Acid treatment,acid treatment,7/1/25,-0.106167418,-1.75E-05,-0.001749497,22.13847522,0.003648125,0.364812527
22,1,7/1/25,Acid treatment,acid treatment,7/1/25,-1.230089201,-0.000202702,-0.020270228,-2.63901095,-0.000434874,-0.043487379
22,2,7/1/25 1:00,Acid treatment,acid treatment,7/1/25,-0.682802428,-0.000112517,-0.011251673,18.47965584,0.003045201,0.304520067
22,3,7/1/25 1:00,Acid treatment,acid treatment,7/1/25,1.501054975,0.000247354,0.024735383,23.53336277,0.003877984,0.387798413
23,1,7/1/25 1:00,Acid treatment,acid treatment,7/1/25,0.516788644,8.52E-05,0.008515987,-2.995661229,-0.000493645,-0.049364499
23,2,7/1/25 2:00,Acid treatment,acid treatment,7/1/25,1.082523671,0.000178385,0.017838545,18.67951646,0.003078135,0.307813503
23,3,7/1/25 2:00,Acid treatment,acid treatment,7/1/25,3.229951066,0.000532253,0.053225283,25.89886579,0.004267787,0.426778746
24,1,7/1/25 3:00,Acid treatment,acid treatment,7/1/25,2.62935579,0.000433283,0.043328275,-1.422589012,-0.000234424,-0.023442368
24,2,7/1/25 3:00,Acid treatment,acid treatment,7/1/25,2.841010222,0.000468161,0.046816057,20.64128341,0.003401408,0.340140805
24,3,7/1/25 3:00,Acid treatment,acid treatment,7/1/25,3.720875468,0.000613151,0.061315062,29.37427906,0.004840489,0.484048919
25,1,7/1/25 4:00,Acid treatment,acid treatment,7/1/25,1.807929922,0.000297923,0.029792272,0.796053844,0.000131179,0.013117905
25,2,7/1/25 4:00,Acid treatment,acid treatment,7/1/25,3.828012584,0.000630805,0.063080539,23.97579481,0.003950891,0.395089102
25,3,7/1/25 5:00,Acid treatment,acid treatment,7/1/25,4.06211562,0.000669382,0.066938244,33.26577461,0.005481756,0.548175572
26,1,7/1/25 5:00,Acid treatment,acid treatment,7/1/25,2.337573857,0.000385201,0.038520098,2.868805733,0.000472741,0.04727409
26,2,7/1/25 5:00,Acid treatment,acid treatment,7/1/25,5.924484927,0.000976276,0.097627605,28.85204357,0.004754432,0.475443175
26,3,7/1/25 6:00,Acid treatment,acid treatment,7/1/25,4.634250951,0.000763663,0.076366271,37.61395789,0.006198278,0.61982783
28,1,7/1/25 6:00,Acid treatment,acid treatment,7/1/25,3.681134823,0.000606602,0.060660189,8.887514414,0.001464544,0.146454377
28,2,7/1/25 7:00,Acid treatment,acid treatment,7/1/25,6.621697135,0.001091167,0.109116732,41.39822563,0.006821875,0.682187512
28,3,7/1/25 7:00,Acid treatment,acid treatment,7/1/25,9.10743905,0.001500784,0.150078442,51.35564789,0.008462725,0.846272543
29,1,7/1/25 7:00,Acid treatment,acid treatment,7/1/25,6.090759231,0.001003676,0.100367584,13.77346144,0.002269683,0.226968264
29,2,7/1/25 8:00,Acid treatment,acid treatment,7/1/25,6.574734109,0.001083428,0.108342844,47.99644125,0.007909173,0.7909173
29,3,7/1/25 8:00,Acid treatment,acid treatment,7/1/25,10.3871736,0.001711668,0.171166759,61.10295422,0.010068951,1.006895143
30,1,7/1/25 9:00,Acid treatment,acid treatment,7/1/25,7.532723386,0.001241292,0.124129229,20.58520275,0.003392167,0.33921667
30,2,7/1/25 9:00,Acid treatment,acid treatment,7/1/25,6.369857397,0.001049667,0.104966749,54.468737,0.008975721,0.897572097
30,3,7/1/25 9:00,Acid treatment,acid treatment,7/1/25,12.00618379,0.001978459,0.197845886,72.29963291,0.011914015,1.191401466
31,1,7/1/25 10:00,Acid treatment,acid treatment,7/1/25,7.075435339,0.001165937,0.116593732,27.88928211,0.004595782,0.459578151
31,2,7/1/25 10:00,Acid treatment,acid treatment,7/1/25,6.699259998,0.001103949,0.110394865,61.0032957,0.010052529,1.005252904
31,3,7/1/25 11:00,Acid treatment,acid treatment,7/1/25,10.74151753,0.001770059,0.177005874,83.67348357,0.013788273,1.378827346
32,1,7/1/25 11:00,Acid treatment,acid treatment,7/1/25,8.475457271,0.001396642,0.139664225,35.66472842,0.005877071,0.587707129
32,2,7/1/25 11:00,Acid treatment,acid treatment,7/1/25,7.152188914,0.001178585,0.117858529,67.92902016,0.011193796,1.1193796
32,3,7/1/25 12:00,Acid treatment,acid treatment,7/1/25,7.835962435,0.001291262,0.129126204,92.96222356,0.015318934,1.531893385
34,1,7/1/25 12:00,Acid treatment,acid treatment,7/1/25,6.999835383,0.001153479,0.115347946,51.14002107,0.008427193,0.8427193
34,2,7/1/25 13:00,Acid treatment,acid treatment,7/1/25,5.637210111,0.000928937,0.0928937,80.71841918,0.013301318,1.330131828
34,3,7/1/25 13:00,Acid treatment,acid treatment,7/1/25,8.600624723,0.001417268,0.141726818,109.3988107,0.018027464,1.802746407
35,1,7/1/25 13:00,Acid treatment,acid treatment,7/1/25,6.424093092,0.001058605,0.105860481,57.85198531,0.009533235,0.953323514
35,2,7/1/25 14:00,Acid treatment,acid treatment,7/1/25,3.841165227,0.000632973,0.063297277,85.45760685,0.014082273,1.408227317
35,3,7/1/25 14:00,Acid treatment,acid treatment,7/1/25,6.682685152,0.001101217,0.110121733,117.0404657,0.019286707,1.928670682
36,1,7/1/25 15:00,Acid treatment,acid treatment,7/1/25,4.450956843,0.000733458,0.073345829,63.28951028,0.010429267,1.042926669
36,2,7/1/25 15:00,Acid treatment,acid treatment,7/1/25,1.764798339,0.000290815,0.029081521,88.26058863,0.014544167,1.454416716
36,3,7/1/25 15:00,Acid treatment,acid treatment,7/1/25,3.212579036,0.00052939,0.052939015,121.9880977,0.020102011,2.010201056
37,1,7/1/25 16:00,Acid treatment,acid treatment,7/1/25,2.123335028,0.000349897,0.034989728,66.57665621,0.010970944,1.097094447
37,2,7/1/25 16:00,Acid treatment,acid treatment,7/1/25,1.122136498,0.000184913,0.018491312,89.70405605,0.014782031,1.478203133
37,3,7/1/25 17:00,Acid treatment,acid treatment,7/1/25,2.294218627,0.000378057,0.037805661,124.7414966,0.020555734,2.055573395
38,1,7/1/25 17:00,Acid treatment,acid treatment,7/1/25,1.323096798,0.000218029,0.02180287,68.29987213,0.011254907,1.125490746
38,2,7/1/25 17:00,Acid treatment,acid treatment,7/1/25,1.136685007,0.000187311,0.018731052,90.8334668,0.014968143,1.496814315
38,3,7/1/25 18:00,Acid treatment,acid treatment,7/1/25,2.577094441,0.000424671,0.042467077,127.1771531,0.020957098,2.095709764
40,1,7/1/25 18:00,Acid treatment,acid treatment,7/1/25,1.087695186,0.000179238,0.017923765,70.71066411,0.011652174,1.16521738
40,2,7/1/25 19:00,Acid treatment,acid treatment,7/1/25,0.834284244,0.000137479,0.013747891,92.80443606,0.015292933,1.529293258
40,3,7/1/25 19:00,Acid treatment,acid treatment,7/1/25,2.308112738,0.000380346,0.038034618,132.0623603,0.021762115,2.176211459
41,1,7/1/25 19:00,Acid treatment,acid treatment,7/1/25,1.070821841,0.000176457,0.017645715,71.78992262,0.011830021,1.18300212
41,2,7/1/25 20:00,Acid treatment,acid treatment,7/1/25,0.888105393,0.000146348,0.014634792,93.66563087,0.015434846,1.543484599
41,3,7/1/25 20:00,Acid treatment,acid treatment,7/1/25,2.182646186,0.000359671,0.035967096,134.3077398,0.022132123,2.213212316
42,1,7/1/25 21:00,Acid treatment,acid treatment,7/1/25,0.934562795,0.000154003,0.015400348,72.79261494,0.011995252,1.199525152
42,2,7/1/25 21:00,Acid treatment,acid treatment,7/1/25,0.837136068,0.000137949,0.013794885,94.52825161,0.015576994,1.557699437
42,3,7/1/25 21:00,Acid treatment,acid treatment,7/1/25,1.849218001,0.000304726,0.030472645,136.3236718,0.022464322,2.246432186
43,1,7/1/25 22:00,Acid treatment,acid treatment,7/1/25,0.742608802,0.000122372,0.012237202,73.63120074,0.012133439,1.213343926
43,2,7/1/25 22:00,Acid treatment,acid treatment,7/1/25,0.733524845,0.000120875,0.012087511,95.31358206,0.015706406,1.570640635
43,3,7/1/25 23:00,Acid treatment,acid treatment,7/1/25,1.676419982,0.000276252,0.027625164,138.0864908,0.022754811,2.275481091
44,1,7/1/25 23:00,Acid treatment,acid treatment,7/1/25,0.58546301,9.65E-05,0.009647649,74.29523664,0.012242864,1.224286352
44,2,7/1/25 23:00,Acid treatment,acid treatment,7/1/25,0.45838745,7.55E-05,0.007553613,95.90953821,0.015804612,1.580461197
44,3,7/2/25,Acid treatment,acid treatment,7/2/25,1.593448611,0.000262579,0.026257907,139.7214251,0.023024226,2.302422626
46,1,7/2/25,Acid treatment,acid treatment,7/2/25,0.339768096,5.60E-05,0.005598925,75.22046775,0.012395329,1.239532926
46,2,7/2/25 1:00,Acid treatment,acid treatment,7/2/25,0.714150086,0.000117682,0.01176824,97.08207574,0.015997831,1.599783051
46,3,7/2/25 1:00,Acid treatment,acid treatment,7/2/25,4.11103969,0.000677444,0.067744448,145.4259134,0.02396425,2.396424981
47,1,7/2/25 1:00,Acid treatment,acid treatment,7/2/25,1.262101613,0.000207978,0.02079775,76.0214026,0.012527313,1.252731263
47,2,7/2/25 2:00,Acid treatment,acid treatment,7/2/25,1.854345931,0.000305571,0.030557146,98.36632375,0.016209457,1.620945744
47,3,7/2/25 2:00,Acid treatment,acid treatment,7/2/25,2.37596035,0.000391527,0.039152656,148.6694135,0.024498735,2.449873533
48,1,7/2/25 3:00,Acid treatment,acid treatment,7/2/25,0.763200097,0.000125765,0.012576519,77.03405346,0.012694184,1.269418398
48,2,7/2/25 3:00,Acid treatment,acid treatment,7/2/25,0.364372992,6.00E-05,0.006004381,99.47568321,0.016392265,1.639226508
48,3,7/2/25 3:00,Acid treatment,acid treatment,7/2/25,4.395624011,0.00072434,0.072434018,152.0552056,0.025056669,2.505666869
49,1,7/2/25 4:00,Acid treatment,acid treatment,7/2/25,1.684544739,0.00027759,0.027759049,78.25792588,0.012895862,1.289586182
49,2,7/2/25 4:00,Acid treatment,acid treatment,7/2/25,4.006301995,0.000660185,0.06601851,101.6610207,0.01675238,1.675237953
49,3,7/2/25 5:00,Acid treatment,acid treatment,7/2/25,5.098004963,0.000840083,0.084008318,156.8020201,0.02583888,2.583888037
50,1,7/2/25 5:00,Acid treatment,acid treatment,7/2/25,1.763456387,0.000290594,0.029059408,79.98192644,0.013179954,1.317995411
50,2,7/2/25 5:00,Acid treatment,acid treatment,7/2/25,8.040986972,0.001325047,0.132504735,107.6846652,0.017744996,1.774499576
50,3,7/2/25 6:00,Acid treatment,acid treatment,7/2/25,6.649686077,0.00109578,0.109577952,162.6758656,0.026806812,2.680681173
52,1,7/2/25 6:00,Acid treatment,acid treatment,7/2/25,4.124308651,0.000679631,0.067963103,85.86969148,0.014150179,1.415017921
52,2,7/2/25 7:00,Acid treatment,acid treatment,7/2/25,5.063185675,0.000834345,0.083434543,120.7888378,0.019904389,1.990438853
52,3,7/2/25 7:00,Acid treatment,acid treatment,7/2/25,5.4105471,0.000891586,0.089158596,174.7360988,0.028794177,2.879417721
53,1,7/2/25 7:00,Acid treatment,acid treatment,7/2/25,2.883082525,0.000475094,0.047509352,89.37338706,0.014727541,1.472754149
53,2,7/2/25 8:00,Acid treatment,acid treatment,7/2/25,3.33961085,0.000550323,0.05503233,124.9902361,0.020596723,2.05967229
53,3,7/2/25 8:00,Acid treatment,acid treatment,7/2/25,6.417139495,0.001057459,0.105745895,180.6499421,0.0297687,2.976869966
54,1,7/2/25 9:00,Acid treatment,acid treatment,7/2/25,2.318578682,0.000382071,0.038207083,91.97421767,0.015156124,1.515612366
54,2,7/2/25 9:00,Acid treatment,acid treatment,7/2/25,5.053460588,0.000832743,0.083274287,129.1867718,0.021288256,2.128825598
54,3,7/2/25 9:00,Acid treatment,acid treatment,7/2/25,6.709443891,0.001105627,0.110562681,187.2132338,0.030850243,3.085024255
55,1,7/2/25 10:00,Acid treatment,acid treatment,7/2/25,2.831037247,0.000466517,0.046651716,94.54902563,0.015580418,1.558041766
55,2,7/2/25 10:00,Acid treatment,acid treatment,7/2/25,4.984077864,0.00082131,0.082130952,134.205541,0.022115282,2.211528217
55,3,7/2/25 11:00,Acid treatment,acid treatment,7/2/25,8.912270152,0.001468623,0.146862319,195.0240908,0.032137368,3.213736755
56,1,7/2/25 11:00,Acid treatment,acid treatment,7/2/25,4.375290272,0.000720989,0.072098945,98.15218939,0.016174171,1.617417096
56,2,7/2/25 11:00,Acid treatment,acid treatment,7/2/25,2.56392729,0.000422501,0.0422501,137.9795436,0.022737187,2.273718743
56,3,7/2/25 12:00,Acid treatment,acid treatment,7/2/25,2.073922246,0.000341755,0.034175471,200.517187,0.033042556,3.30425565
58,1,7/2/25 12:00,Acid treatment,acid treatment,7/2/25,1.857914167,0.000306159,0.030615946,104.3853938,0.01720132,1.720131987
58,2,7/2/25 13:00,Acid treatment,acid treatment,7/2/25,1.591048777,0.000262184,0.026218361,142.1345197,0.023421872,2.342187204
58,3,7/2/25 13:00,Acid treatment,acid treatment,7/2/25,2.652964862,0.000437173,0.043717321,205.2440741,0.033821484,3.382148441
59,1,7/2/25 13:00,Acid treatment,acid treatment,7/2/25,1.649392671,0.000271798,0.02717979,106.1390472,0.017490299,1.749029855
59,2,7/2/25 14:00,Acid treatment,acid treatment,7/2/25,0.829194052,0.00013664,0.013664011,143.3446411,0.023621284,2.36212839
59,3,7/2/25 14:00,Acid treatment,acid treatment,7/2/25,0.926359669,0.000152652,0.015265171,207.0337364,0.034116397,3.411639687
60,1,7/2/25 15:00,Acid treatment,acid treatment,7/2/25,0.732527346,0.000120711,0.012071073,107.3300073,0.017686553,1.768655286
60,2,7/2/25 15:00,Acid treatment,acid treatment,7/2/25,0.319703781,5.27E-05,0.005268292,143.91909,0.023715945,2.371594542
60,3,7/2/25 15:00,Acid treatment,acid treatment,7/2/25,0.562351255,9.27E-05,0.009266798,207.7780919,0.034239057,3.423905671
61,1,7/2/25 16:00,Acid treatment,acid treatment,7/2/25,0.426040655,7.02E-05,0.007020581,107.9092913,0.017782011,1.778201114
61,2,7/2/25 16:00,Acid treatment,acid treatment,7/2/25,0.100968831,1.66E-05,0.001663832,144.1294263,0.023750606,2.375060603
61,3,7/2/25 17:00,Acid treatment,acid treatment,7/2/25,0.35051638,5.78E-05,0.005776042,208.2345257,0.034314271,3.431427092
62,1,7/2/25 17:00,Acid treatment,acid treatment,7/2/25,0.299116491,4.93E-05,0.004929041,108.2718698,0.017841759,1.784175925
62,2,7/2/25 17:00,Acid treatment,acid treatment,7/2/25,0.130370875,2.15E-05,0.002148338,144.2450962,0.023769667,2.376966688
62,3,7/2/25 18:00,Acid treatment,acid treatment,7/2/25,0.419098016,6.91E-05,0.006906176,208.6193329,0.034377682,3.437768201
64,1,7/2/25 18:00,Acid treatment,acid treatment,7/2/25,0.182596694,3.01E-05,0.00300895,108.753583,0.017921139,1.792113915
64,2,7/2/25 19:00,Acid treatment,acid treatment,7/2/25,0.168803482,2.78E-05,0.002781656,144.5442705,0.023818967,2.381896682
64,3,7/2/25 19:00,Acid treatment,acid treatment,7/2/25,0.390268236,6.43E-05,0.0064311,209.4286991,0.034511055,3.451105476
65,1,7/2/25 19:00,Acid treatment,acid treatment,7/2/25,0.222434556,3.67E-05,0.003665425,108.9560986,0.017954511,1.795451102
65,2,7/2/25 20:00,Acid treatment,acid treatment,7/2/25,0.171199833,2.82E-05,0.002821145,144.7142722,0.023846981,2.384698083
65,3,7/2/25 20:00,Acid treatment,acid treatment,7/2/25,0.371814459,6.13E-05,0.006127006,209.8097405,0.034573845,3.457384529
66,1,7/2/25 21:00,Acid treatment,acid treatment,7/2/25,0.238917864,3.94E-05,0.003937048,109.1867749,0.017992523,1.799252338
66,2,7/2/25 21:00,Acid treatment,acid treatment,7/2/25,0.160143857,2.64E-05,0.002638957,144.879944,0.023874281,2.387428134
66,3,7/2/25 21:00,Acid treatment,acid treatment,7/2/25,0.144300687,2.38E-05,0.002377883,210.0677981,0.03461637,3.461636974
67,1,7/2/25 22:00,Acid treatment,acid treatment,7/2/25,0.144114897,2.37E-05,0.002374821,109.3782912,0.018024083,1.802408273
67,2,7/2/25 22:00,Acid treatment,acid treatment,7/2/25,0.068179785,1.12E-05,0.001123512,144.9941059,0.023893094,2.389309368
67,3,7/2/25 23:00,Acid treatment,acid treatment,7/2/25,0.169812991,2.80E-05,0.002798291,210.2248549,0.034642251,3.464225061
68,1,7/2/25 23:00,Acid treatment,acid treatment,7/2/25,-0.017306778,-2.85E-06,-0.000285193,109.4416953,0.018034531,1.803453087
68,2,7/2/25 23:00,Acid treatment,acid treatment,7/2/25,0.053973321,8.89E-06,0.000889408,145.0551824,0.023903158,2.390315828
68,3,7/3/25,Acid treatment,acid treatment,7/3/25,0.471837528,7.78E-05,0.007775253,210.5456802,0.034695118,3.469511833
70,1,7/3/25,Acid treatment,acid treatment,7/3/25,-0.020709264,-3.41E-06,-0.000341261,109.4036792,0.018028266,1.802826633
70,2,7/3/25 1:00,Acid treatment,acid treatment,7/3/25,0.302411843,4.98E-05,0.004983344,145.4115676,0.023961886,2.39618858
70,3,7/3/25 1:00,Acid treatment,acid treatment,7/3/25,1.686287556,0.000277878,0.027787769,212.7038052,0.035050749,3.505074854
71,1,7/3/25 1:00,Acid treatment,acid treatment,7/3/25,0.542314418,8.94E-05,0.008936618,109.6644818,0.018071243,1.807124312
71,2,7/3/25 2:00,Acid treatment,acid treatment,7/3/25,0.969190368,0.00015971,0.015970964,146.0473687,0.024066657,2.406665734
71,3,7/3/25 2:00,Acid treatment,acid treatment,7/3/25,2.170912724,0.000357737,0.035773745,214.6324054,0.035368556,3.536855611
72,1,7/3/25 3:00,Acid treatment,acid treatment,7/3/25,1.326808867,0.00021864,0.021864039,110.5990435,0.018225246,1.822524641
72,2,7/3/25 3:00,Acid treatment,acid treatment,7/3/25,1.302919104,0.000214704,0.021470368,147.1834234,0.024253864,2.4253864
72,3,7/3/25 3:00,Acid treatment,acid treatment,7/3/25,2.490924267,0.000410471,0.041047108,216.9633239,0.03575266,3.575266037
73,1,7/3/25 4:00,Acid treatment,acid treatment,7/3/25,1.120291116,0.000184609,0.018460903,111.8225935,0.018426871,1.842687112
73,2,7/3/25 4:00,Acid treatment,acid treatment,7/3/25,1.752180056,0.000288736,0.028873589,148.710973,0.024505584,2.450558378
73,3,7/3/25 5:00,Acid treatment,acid treatment,7/3/25,2.826715242,0.000465805,0.046580495,219.6221436,0.036190798,3.619079838
74,1,7/3/25 5:00,Acid treatment,acid treatment,7/3/25,0.68892321,0.000113525,0.011352535,112.7272006,0.018575938,1.85759383
74,2,7/3/25 5:00,Acid treatment,acid treatment,7/3/25,1.944971923,0.000320505,0.032050542,150.559549,0.024810204,2.481020444
74,3,7/3/25 6:00,Acid treatment,acid treatment,7/3/25,3.662653612,0.000603556,0.060355644,222.8668281,0.036725479,3.672547908
76,1,7/3/25 6:00,Acid treatment,acid treatment,7/3/25,1.367186156,0.000225294,0.022529403,114.78331,0.018914758,1.891475769
76,2,7/3/25 7:00,Acid treatment,acid treatment,7/3/25,2.503315892,0.000412513,0.041251305,155.0078368,0.025543223,2.554322291
76,3,7/3/25 7:00,Acid treatment,acid treatment,7/3/25,3.85784127,0.000635721,0.063572076,230.3873229,0.037964756,3.796475627
77,1,7/3/25 7:00,Acid treatment,acid treatment,7/3/25,1.447672486,0.000238557,0.023855711,116.1907393,0.019146683,1.914668326
77,2,7/3/25 8:00,Acid treatment,acid treatment,7/3/25,2.197494382,0.000362118,0.036211775,157.3582419,0.025930538,2.593053831
77,3,7/3/25 8:00,Acid treatment,acid treatment,7/3/25,4.194079395,0.000691128,0.069112831,234.4132833,0.038628181,3.862818081
78,1,7/3/25 9:00,Acid treatment,acid treatment,7/3/25,1.416553701,0.000233429,0.023342915,117.6228524,0.019382676,1.938267638
78,2,7/3/25 9:00,Acid treatment,acid treatment,7/3/25,1.89494317,0.000312261,0.031226135,159.4044607,0.026267728,2.626772785
78,3,7/3/25 9:00,Acid treatment,acid treatment,7/3/25,4.201262666,0.000692312,0.069231202,238.6109543,0.039319901,3.931990098
79,1,7/3/25 10:00,Acid treatment,acid treatment,7/3/25,1.490588968,0.000245629,0.024562917,119.0764237,0.019622206,1.962220554
79,2,7/3/25 10:00,Acid treatment,acid treatment,7/3/25,2.329159166,0.000383814,0.038381435,161.5165119,0.026615766,2.66157657
79,3,7/3/25 11:00,Acid treatment,acid treatment,7/3/25,4.212341057,0.000694138,0.069413759,242.8177562,0.040013126,4.001312578
80,1,7/3/25 11:00,Acid treatment,acid treatment,7/3/25,1.465239132,0.000241452,0.024145186,120.5543378,0.019865746,1.986574605
80,2,7/3/25 11:00,Acid treatment,acid treatment,7/3/25,1.480994976,0.000244048,0.024404821,163.421589,0.026929697,2.692969698
80,3,7/3/25 12:00,Acid treatment,acid treatment,7/3/25,3.287050112,0.000541662,0.054166199,246.5674517,0.040631026,4.063102557
82,1,7/3/25 12:00,Acid treatment,acid treatment,7/3/25,1.486214298,0.000244908,0.024490828,123.5057912,0.020352106,2.035210619
82,2,7/3/25 13:00,Acid treatment,acid treatment,7/3/25,1.470759994,0.000242362,0.024236162,166.3733439,0.027416107,2.741610681
82,3,7/3/25 13:00,Acid treatment,acid treatment,7/3/25,2.883760976,0.000475205,0.047520532,252.7382628,0.041647893,4.164789289
83,1,7/3/25 13:00,Acid treatment,acid treatment,7/3/25,1.187365196,0.000195662,0.019566194,124.842581,0.020572391,2.05723913
83,2,7/3/25 14:00,Acid treatment,acid treatment,7/3/25,1.369032351,0.000225598,0.022559826,167.7932401,0.027650087,2.765008675
83,3,7/3/25 14:00,Acid treatment,acid treatment,7/3/25,2.262043363,0.000372755,0.037275456,255.311165,0.042071873,4.207187283
84,1,7/3/25 15:00,Acid treatment,acid treatment,7/3/25,0.872653204,0.000143802,0.01438016,125.8725902,0.020742123,2.074212307
84,2,7/3/25 15:00,Acid treatment,acid treatment,7/3/25,0.678794217,0.000111856,0.011185623,168.8171534,0.027818814,2.781881399
84,3,7/3/25 15:00,Acid treatment,acid treatment,7/3/25,1.110839353,0.000183052,0.01830515,256.9976064,0.042349776,4.234977586
85,1,7/3/25 16:00,Acid treatment,acid treatment,7/3/25,0.485466504,8.00E-05,0.00799984,126.55165,0.020854023,2.085402308
85,2,7/3/25 16:00,Acid treatment,acid treatment,7/3/25,0.298089412,4.91E-05,0.004912116,169.3055952,0.027899303,2.789930268
85,3,7/3/25 17:00,Acid treatment,acid treatment,7/3/25,0.659745138,0.000108717,0.010871719,257.8828986,0.04249566,4.249566021
86,1,7/3/25 17:00,Acid treatment,acid treatment,7/3/25,0.245939518,4.05E-05,0.004052755,126.917353,0.020914286,2.091428605
86,2,7/3/25 17:00,Acid treatment,acid treatment,7/3/25,0.135868696,2.24E-05,0.002238935,169.5225743,0.027935058,2.793505794
86,3,7/3/25 18:00,Acid treatment,acid treatment,7/3/25,0.426261604,7.02E-05,0.007024222,258.425902,0.04258514,4.258513992
88,1,7/3/25 18:00,Acid treatment,acid treatment,7/3/25,0.195257026,3.22E-05,0.003217575,127.3585496,0.020986989,2.098698935
88,2,7/3/25 19:00,Acid treatment,acid treatment,7/3/25,0.054265839,8.94E-06,0.000894229,169.7127088,0.02796639,2.796638957
88,3,7/3/25 19:00,Acid treatment,acid treatment,7/3/25,0.310576159,5.12E-05,0.005117881,259.1627397,0.042706561,4.270656095
89,1,7/3/25 19:00,Acid treatment,acid treatment,7/3/25,0.092442851,1.52E-05,0.001523335,127.5023995,0.021010694,2.10106939
89,2,7/3/25 20:00,Acid treatment,acid treatment,7/3/25,0.016684488,2.75E-06,0.000274938,169.7481839,0.027972235,2.79722354
89,3,7/3/25 20:00,Acid treatment,acid treatment,7/3/25,0.288470681,4.75E-05,0.004753612,259.4622632,0.042755918,4.275591841
90,1,7/3/25 21:00,Acid treatment,acid treatment,7/3/25,0.092828191,1.53E-05,0.001529685,127.595035,0.021025959,2.1025959
90,2,7/3/25 21:00,Acid treatment,acid treatment,7/3/25,0.013566686,2.24E-06,0.000223561,169.7633095,0.027974728,2.79747279
90,3,7/3/25 21:00,Acid treatment,acid treatment,7/3/25,0.252891072,4.17E-05,0.004167307,259.732944,0.042800523,4.280052301
91,1,7/3/25 22:00,Acid treatment,acid treatment,7/3/25,0.033591269,5.54E-06,0.000553539,127.6582448,0.021036375,2.103637512
91,2,7/3/25 22:00,Acid treatment,acid treatment,7/3/25,0.03506724,5.78E-06,0.000577861,169.7876265,0.027978735,2.797873501
91,3,7/3/25 23:00,Acid treatment,acid treatment,7/3/25,0.291321018,4.80E-05,0.004800582,260.0050501,0.042845362,4.284536245
92,1,7/3/25 23:00,Acid treatment,acid treatment,7/3/25,-0.199717857,-3.29E-05,-0.003291084,127.5751815,0.021022687,2.10226874
92,2,7/3/25 23:00,Acid treatment,acid treatment,7/3/25,0.02488311,4.10E-06,0.00041004,169.8176017,0.027983675,2.798367452
92,3,7/4/25,Acid treatment,acid treatment,7/4/25,0.676719717,0.000111514,0.011151438,260.4890704,0.042925123,4.292512255
94,1,7/4/25,Acid treatment,acid treatment,7/4/25,-0.360087534,-5.93E-05,-0.005933762,127.0153761,0.020930439,2.093043894
94,2,7/4/25 1:00,Acid treatment,acid treatment,7/4/25,0.139342732,2.30E-05,0.002296182,169.9818275,0.028010737,2.801073675
94,3,7/4/25 1:00,Acid treatment,acid treatment,7/4/25,3.532848299,0.000582166,0.058216625,264.6986385,0.043618803,4.361880318
95,1,7/4/25 1:00,Acid treatment,acid treatment,7/4/25,0.717989467,0.000118315,0.011831508,127.194327,0.020959928,2.095992767
95,2,7/4/25 2:00,Acid treatment,acid treatment,7/4/25,1.134773177,0.000186995,0.018699548,170.6188855,0.028115715,2.81157154
95,3,7/4/25 2:00,Acid treatment,acid treatment,7/4/25,3.652865718,0.000601944,0.060194352,268.2914955,0.044210858,4.421085807
96,1,7/4/25 3:00,Acid treatment,acid treatment,7/4/25,1.689565339,0.000278418,0.027841782,128.3981044,0.021158294,2.115829412
96,2,7/4/25 3:00,Acid treatment,acid treatment,7/4/25,1.748866228,0.00028819,0.028818982,172.0607052,0.028353308,2.835330804
96,3,7/4/25 3:00,Acid treatment,acid treatment,7/4/25,4.284094881,0.000705962,0.070596166,272.2599758,0.044864811,4.486481066
97,1,7/4/25 4:00,Acid treatment,acid treatment,7/4/25,1.858336531,0.000306229,0.030622906,130.1720554,0.021450618,2.145061756
97,2,7/4/25 4:00,Acid treatment,acid treatment,7/4/25,2.020727036,0.000332989,0.033298885,173.9455018,0.028663897,2.866389737
97,3,7/4/25 5:00,Acid treatment,acid treatment,7/4/25,3.652845423,0.00060194,0.060194018,276.2284459,0.045518762,4.551876158
98,1,7/4/25 5:00,Acid treatment,acid treatment,7/4/25,2.314579199,0.000381412,0.038141176,132.2585132,0.021794438,2.179443798
98,2,7/4/25 5:00,Acid treatment,acid treatment,7/4/25,4.865933041,0.000801841,0.080184083,177.3888318,0.029231312,2.923131221
98,3,7/4/25 6:00,Acid treatment,acid treatment,7/4/25,2.982068402,0.000491405,0.049140508,279.5459028,0.046065434,4.606543421
100,1,7/4/25 6:00,Acid treatment,acid treatment,7/4/25,1.636279154,0.000269637,0.026963697,136.2093716,0.022445487,2.244548671
100,2,7/4/25 7:00,Acid treatment,acid treatment,7/4/25,2.75589439,0.000454135,0.045413462,185.0106593,0.030487288,3.048728766
100,3,7/4/25 7:00,Acid treatment,acid treatment,7/4/25,4.698747647,0.000774291,0.077429091,287.2267189,0.04733113,4.73311302
101,1,7/4/25 7:00,Acid treatment,acid treatment,7/4/25,3.178848242,0.000523832,0.052383177,138.6169353,0.022842221,2.284222108
101,2,7/4/25 8:00,Acid treatment,acid treatment,7/4/25,2.464049938,0.000406043,0.040604255,187.6206314,0.030917376,3.091737624
101,3,7/4/25 8:00,Acid treatment,acid treatment,7/4/25,6.073296841,0.001000798,0.100079827,292.6127411,0.048218675,4.821867478
102,1,7/4/25 9:00,Acid treatment,acid treatment,7/4/25,2.543121016,0.000419072,0.041907241,141.4779199,0.023313673,2.331367316
102,2,7/4/25 9:00,Acid treatment,acid treatment,7/4/25,1.601789307,0.000263954,0.02639535,189.6535511,0.031252374,3.125237426
102,3,7/4/25 9:00,Acid treatment,acid treatment,7/4/25,2.451511771,0.000403976,0.040397642,296.8751454,0.048921062,4.892106213
103,1,7/4/25 10:00,Acid treatment,acid treatment,7/4/25,2.18065071,0.000359342,0.035934214,143.8398058,0.02370288,2.370288043
103,2,7/4/25 10:00,Acid treatment,acid treatment,7/4/25,1.15392534,0.000190151,0.01901515,191.0314084,0.031479427,3.147942676
103,3,7/4/25 11:00,Acid treatment,acid treatment,7/4/25,1.716005341,0.000282775,0.028277478,298.958904,0.049264438,4.926443773
104,1,7/4/25 11:00,Acid treatment,acid treatment,7/4/25,1.691515996,0.000278739,0.027873926,145.7758891,0.024021921,2.402192113
104,2,7/4/25 11:00,Acid treatment,acid treatment,7/4/25,0.67513636,0.000111253,0.011125346,191.9459392,0.031630129,3.163012924
104,3,7/4/25 12:00,Acid treatment,acid treatment,7/4/25,1.126275157,0.000185595,0.018559512,300.3800442,0.049498623,4.949862268
106,1,7/4/25 12:00,Acid treatment,acid treatment,7/4/25,1.094579458,0.000180372,0.018037209,148.5619846,0.024481032,2.448103248
106,2,7/4/25 13:00,Acid treatment,acid treatment,7/4/25,0.308504642,5.08E-05,0.005083745,192.9295802,0.03179222,3.179222015
106,3,7/4/25 13:00,Acid treatment,acid treatment,7/4/25,1.083977565,0.000178625,0.017862504,302.590297,0.049862843,4.986284283
107,1,7/4/25 13:00,Acid treatment,acid treatment,7/4/25,0.961609076,0.00015846,0.015846034,149.5900789,0.024650449,2.46504487
107,2,7/4/25 14:00,Acid treatment,acid treatment,7/4/25,0.419214862,6.91E-05,0.006908101,193.29344,0.031852179,3.185217939
107,3,7/4/25 14:00,Acid treatment,acid treatment,7/4/25,1.365494234,0.000225015,0.022501523,303.8150329,0.050064663,5.006466297
108,1,7/4/25 15:00,Acid treatment,acid treatment,7/4/25,0.873834659,0.000143996,0.014399629,150.5078007,0.024801677,2.480167701
108,2,7/4/25 15:00,Acid treatment,acid treatment,7/4/25,0.404908604,6.67E-05,0.006672353,193.7055017,0.031920082,3.192008166
108,3,7/4/25 15:00,Acid treatment,acid treatment,7/4/25,0.972754931,0.000160297,0.016029703,304.9841574,0.050257319,5.025731909
109,1,7/4/25 16:00,Acid treatment,acid treatment,7/4/25,0.617444021,0.000101747,0.010174653,151.2534401,0.024924548,2.492454843
109,2,7/4/25 16:00,Acid treatment,acid treatment,7/4/25,0.255770986,4.21E-05,0.004214765,194.0358415,0.031974517,3.197451725
109,3,7/4/25 17:00,Acid treatment,acid treatment,7/4/25,1.06472855,0.000175453,0.017545306,306.0028992,0.050425194,5.042519414
110,1,7/4/25 17:00,Acid treatment,acid treatment,7/4/25,0.544064198,8.97E-05,0.008965452,151.8341942,0.025020249,2.502024895
110,2,7/4/25 17:00,Acid treatment,acid treatment,7/4/25,0.286379504,4.72E-05,0.004719152,194.3069168,0.032019187,3.201918683
110,3,7/4/25 18:00,Acid treatment,acid treatment,7/4/25,1.206489786,0.000198813,0.019881342,307.1385084,0.050612327,5.061232737
112,1,7/4/25 18:00,Acid treatment,acid treatment,7/4/25,0.527578531,8.69E-05,0.00869379,152.9058369,0.025196841,2.519684137
112,2,7/4/25 19:00,Acid treatment,acid treatment,7/4/25,0.312158152,5.14E-05,0.00514395,194.9054544,0.032117818,3.211781785
112,3,7/4/25 19:00,Acid treatment,acid treatment,7/4/25,1.314310946,0.000216581,0.02165809,309.6593091,0.051027722,5.102772169
113,1,7/4/25 19:00,Acid treatment,acid treatment,7/4/25,0.495439367,8.16E-05,0.00816418,153.4173459,0.025281131,2.528113122
113,2,7/4/25 20:00,Acid treatment,acid treatment,7/4/25,0.42677228,7.03E-05,0.007032638,195.2749196,0.032178701,3.217870079
113,3,7/4/25 20:00,Acid treatment,acid treatment,7/4/25,1.54495399,0.000254588,0.02545878,311.0889416,0.051263306,5.126330605
114,1,7/4/25 21:00,Acid treatment,acid treatment,7/4/25,0.478029424,7.88E-05,0.007877287,153.9040803,0.025361339,2.536133856
114,2,7/4/25 21:00,Acid treatment,acid treatment,7/4/25,0.458680032,7.56E-05,0.007558435,195.7176458,0.032251656,3.225165615
114,3,7/4/25 21:00,Acid treatment,acid treatment,7/4/25,1.525442865,0.000251373,0.025137263,312.62414,0.051516286,5.151628626
115,1,7/4/25 22:00,Acid treatment,acid treatment,7/4/25,0.483888875,7.97E-05,0.007973843,154.3850394,0.025440594,2.544059421
115,2,7/4/25 22:00,Acid treatment,acid treatment,7/4/25,0.26133947,4.31E-05,0.004306526,196.0776555,0.032310981,3.231098095
115,3,7/4/25 23:00,Acid treatment,acid treatment,7/4/25,0.830123668,0.000136793,0.01367933,313.8019232,0.051710369,5.171036922
116,1,7/4/25 23:00,Acid treatment,acid treatment,7/4/25,0.440757595,7.26E-05,0.007263097,154.8473626,0.025516779,2.551677891
116,2,7/4/25 23:00,Acid treatment,acid treatment,7/4/25,0.256484557,4.23E-05,0.004226523,196.3365676,0.032353646,3.23536462
116,3,7/5/25,Acid treatment,acid treatment,7/5/25,0.961061891,0.00015837,0.015837017,314.697516,0.051857951,5.185795096
118,1,7/5/25,Acid treatment,acid treatment,7/5/25,0.385944811,6.36E-05,0.006359855,155.674065,0.025653008,2.565300843
118,2,7/5/25 1:00,Acid treatment,acid treatment,7/5/25,0.316349684,5.21E-05,0.005213021,196.9094018,0.032448042,3.244804164
118,3,7/5/25 1:00,Acid treatment,acid treatment,7/5/25,1.36855276,0.000225519,0.022551923,317.0271307,0.05224184,5.224184037
119,1,7/5/25 1:00,Acid treatment,acid treatment,7/5/25,0.298948658,4.93E-05,0.004926275,156.0165118,0.025709439,2.570943908
119,2,7/5/25 2:00,Acid treatment,acid treatment,7/5/25,0.313428003,5.16E-05,0.005164875,197.2242906,0.032499931,3.249993111
119,3,7/5/25 2:00,Acid treatment,acid treatment,7/5/25,2.026778179,0.000333986,0.0333986,318.7247961,0.052521593,5.252159298
120,1,7/5/25 3:00,Acid treatment,acid treatment,7/5/25,0.485951145,8.01E-05,0.008007826,156.4089617,0.02577411,2.577410959
120,2,7/5/25 3:00,Acid treatment,acid treatment,7/5/25,0.513107799,8.46E-05,0.008455332,197.6375585,0.032568032,3.256803215
120,3,7/5/25 3:00,Acid treatment,acid treatment,7/5/25,2.710008281,0.000446573,0.04465732,321.0931894,0.052911873,5.291187258
0,1,6/30/25 2:00,Control,control,6/30/25,-0.114623215,-1.89E-05,-0.001892589,0,0,0
0,2,6/30/25 3:00,Control,control,6/30/25,0.255303003,4.22E-05,0.004215409,0,0,0
0,3,6/30/25 3:00,Control,control,6/30/25,0.56847389,9.39E-05,0.009386297,0,0,0
1,1,6/30/25 4:00,Control,control,6/30/25,65.17958244,0.010762059,1.07620589,32.53247961,0.005371567,0.53715665
1,2,6/30/25 4:00,Control,control,6/30/25,80.20389189,0.013242782,1.324278211,40.22959745,0.006642468,0.66424681
1,3,6/30/25 4:00,Control,control,6/30/25,54.10478648,0.008933455,0.893345549,27.33663019,0.004513659,0.451365923
2,1,6/30/25 5:00,Control,control,6/30/25,80.83272702,0.013346612,1.334661157,105.5386343,0.017425902,1.742590174
2,2,6/30/25 5:00,Control,control,6/30/25,78.21895403,0.012915041,1.291504116,119.4410204,0.01972138,1.972137974
2,3,6/30/25 6:00,Control,control,6/30/25,70.08102354,0.011571355,1.157135524,89.4295352,0.014766065,1.47660646
4,1,6/30/25 6:00,Control,control,6/30/25,76.39319928,0.012613584,1.261358357,262.7645607,0.043386097,4.338609688
4,2,6/30/25 6:00,Control,control,6/30/25,76.05011514,0.012556936,1.255693559,273.7100896,0.045193356,4.519335649
4,3,6/30/25 7:00,Control,control,6/30/25,72.52262697,0.011974498,1.197449805,232.0331857,0.038311918,3.83119179
5,1,6/30/25 7:00,Control,control,6/30/25,70.5934427,0.011655963,1.16559628,336.2578816,0.05552087,5.552087006
5,2,6/30/25 8:00,Control,control,6/30/25,67.51334758,0.011147396,1.11473961,345.4918209,0.057045522,5.704552234
5,3,6/30/25 8:00,Control,control,6/30/25,63.82525498,0.010538441,1.053844053,300.2071267,0.049568387,4.956838719
6,1,6/30/25 8:00,Control,control,6/30/25,64.83978954,0.010705954,1.070595435,403.9744978,0.066701829,6.670182864
6,2,6/30/25 9:00,Control,control,6/30/25,63.3882357,0.010466283,1.046628255,410.9426126,0.067852362,6.785236166
6,3,6/30/25 9:00,Control,control,6/30/25,61.53162121,0.01015973,1.015972958,362.8855648,0.059917472,5.991747224
7,1,6/30/25 10:00,Control,control,6/30/25,60.47121389,0.009984642,0.998464153,466.6299995,0.077047127,7.704712657
7,2,6/30/25 10:00,Control,control,6/30/25,59.02527512,0.009745897,0.974589685,472.149368,0.077958451,7.795845136
7,3,6/30/25 10:00,Control,control,6/30/25,59.57328067,0.00983638,0.983638022,423.4380157,0.069915527,6.991552714
8,1,6/30/25 11:00,Control,control,6/30/25,58.79495783,0.009707868,0.970786825,526.2630853,0.086893381,8.689338146
8,2,6/30/25 11:00,Control,control,6/30/25,56.6188105,0.009348556,0.934855595,529.9714108,0.087505678,8.750567776
8,3,6/30/25 12:00,Control,control,6/30/25,53.18711057,0.008781934,0.878193439,479.8182113,0.079224684,7.922468445
10,1,6/30/25 12:00,Control,control,6/30/25,57.40294223,0.009478027,0.947802705,642.4609854,0.106079277,10.60792768
10,2,6/30/25 12:00,Control,control,6/30/25,55.08411433,0.009095156,0.909515619,641.6743356,0.10594939,10.59493899
10,3,6/30/25 13:00,Control,control,6/30/25,49.91443889,0.008241571,0.824157061,582.9197608,0.096248189,9.624818945
11,1,6/30/25 13:00,Control,control,6/30/25,54.81479601,0.009050688,0.905068798,698.5698545,0.115343634,11.53436343
11,2,6/30/25 14:00,Control,control,6/30/25,54.73102597,0.009036856,0.903685638,696.5819058,0.115015396,11.50153962
11,3,6/30/25 14:00,Control,control,6/30/25,47.78584872,0.007890111,0.789011066,631.7699046,0.10431403,10.43140301
12,1,6/30/25 14:00,Control,control,6/30/25,50.36292066,0.008315621,0.831562121,751.1587128,0.124026789,12.40267889
12,2,6/30/25 15:00,Control,control,6/30/25,49.51732523,0.008176002,0.81760016,748.7060814,0.123621825,12.36218252
12,3,6/30/25 15:00,Control,control,6/30/25,37.96306243,0.006268232,0.626823153,674.6443602,0.111393201,11.13932012
13,1,6/30/25 16:00,Control,control,6/30/25,36.01846995,0.005947152,0.594715217,794.3494082,0.131158176,13.11581756
13,2,6/30/25 16:00,Control,control,6/30/25,33.29886241,0.005498107,0.5498107,790.1141752,0.130458879,13.04588795
13,3,6/30/25 16:00,Control,control,6/30/25,24.82630123,0.004099169,0.409916888,706.039042,0.116576901,11.65769014
14,1,6/30/25 17:00,Control,control,6/30/25,24.35935721,0.00402207,0.402206991,824.5383217,0.136142787,13.61427866
14,2,6/30/25 17:00,Control,control,6/30/25,26.93109416,0.0044467,0.444669958,820.2291535,0.135431283,13.54312828
14,3,6/30/25 18:00,Control,control,6/30/25,22.93508008,0.003786902,0.378690187,729.9197327,0.120519937,12.05199368
16,1,6/30/25 18:00,Control,control,6/30/25,20.94822549,0.003458844,0.345884444,869.8459044,0.143623701,14.36237009
16,2,6/30/25 18:00,Control,control,6/30/25,23.02631449,0.003801966,0.380196595,870.1865621,0.143679948,14.36799483
16,3,6/30/25 19:00,Control,control,6/30/25,20.28059279,0.003348609,0.334860897,773.1354055,0.127655448,12.76554476
17,1,6/30/25 19:00,Control,control,6/30/25,19.56328858,0.003230172,0.323017203,890.1016615,0.146968209,14.69682092
17,2,6/30/25 20:00,Control,control,6/30/25,24.88483361,0.004108833,0.410883339,894.1421362,0.147635348,14.7635348
17,3,6/30/25 20:00,Control,control,6/30/25,20.59834403,0.003401074,0.340107413,793.574874,0.131030289,13.10302892
18,1,6/30/25 20:00,Control,control,6/30/25,16.45909296,0.002717626,0.2717626,908.1128522,0.149942108,14.99421082
18,2,6/30/25 21:00,Control,control,6/30/25,21.18057734,0.003497209,0.349720898,917.1748417,0.151438369,15.14383691
18,3,6/30/25 21:00,Control,control,6/30/25,18.88760276,0.003118607,0.311860687,813.3178473,0.13429013,13.42901296
19,1,6/30/25 22:00,Control,control,6/30/25,19.67730219,0.003248997,0.324899727,926.1810498,0.15292542,15.29254198
19,2,6/30/25 22:00,Control,control,6/30/25,20.92464555,0.003454951,0.345495107,938.2274531,0.154914449,15.49144492
19,3,6/30/25 22:00,Control,control,6/30/25,21.40177579,0.003533732,0.353373193,833.4625366,0.137616299,13.7616299
20,1,6/30/25 23:00,Control,control,6/30/25,21.02582361,0.003471657,0.347165698,946.5326127,0.156285747,15.62857469
20,2,6/30/25 23:00,Control,control,6/30/25,24.94691549,0.004119084,0.411908398,961.1632336,0.158701467,15.87014667
20,3,7/1/25,Control,control,7/1/25,26.65375796,0.004400907,0.44009075,857.4903035,0.141583619,14.15836188
22,1,7/1/25,Control,control,7/1/25,33.66337618,0.005558293,0.555829331,1001.221813,0.165315697,16.53156972
22,2,7/1/25,Control,control,7/1/25,32.26177991,0.00532687,0.53268702,1018.371929,0.168147421,16.81474209
22,3,7/1/25 1:00,Control,control,7/1/25,28.43210861,0.004694538,0.469453801,912.5761701,0.150679064,15.06790643
23,1,7/1/25 1:00,Control,control,7/1/25,38.04822875,0.006282294,0.628229368,1037.077615,0.171235991,17.12359907
23,2,7/1/25 2:00,Control,control,7/1/25,32.36394741,0.005343739,0.534373948,1050.684793,0.173482726,17.34827257
23,3,7/1/25 2:00,Control,control,7/1/25,30.65649992,0.005061816,0.506181607,942.1204743,0.155557241,15.55572413
24,1,7/1/25 2:00,Control,control,7/1/25,35.71750325,0.005897458,0.589745836,1073.960481,0.177325867,17.73258668
24,2,7/1/25 3:00,Control,control,7/1/25,30.63101681,0.005057608,0.505760845,1082.182275,0.1786834,17.86833997
24,3,7/1/25 3:00,Control,control,7/1/25,30.27711913,0.004999175,0.4999175,972.5872839,0.160587737,16.05877368
25,1,7/1/25 4:00,Control,control,7/1/25,34.46138924,0.005690056,0.569005641,1109.049927,0.183119624,18.31196241
25,2,7/1/25 4:00,Control,control,7/1/25,27.83478415,0.004595911,0.459591141,1111.415175,0.18351016,18.35101596
25,3,7/1/25 4:00,Control,control,7/1/25,28.30339121,0.004673285,0.467328497,1001.877539,0.165423967,16.54239668
26,1,7/1/25 5:00,Control,control,7/1/25,30.3529337,0.005011693,0.501169305,1141.457089,0.188470499,18.84704989
26,2,7/1/25 5:00,Control,control,7/1/25,26.98945209,0.004456335,0.445633528,1138.827293,0.188036283,18.8036283
26,3,7/1/25 6:00,Control,control,7/1/25,24.92982712,0.004116262,0.411626245,1028.494148,0.169818741,16.98187406
28,1,7/1/25 6:00,Control,control,7/1/25,26.59876561,0.004391827,0.439182749,1198.408788,0.197874019,19.78740194
28,2,7/1/25 6:00,Control,control,7/1/25,23.43165192,0.003868893,0.386889281,1189.248397,0.196361511,19.63615111
28,3,7/1/25 7:00,Control,control,7/1/25,28.87370467,0.004767452,0.476745169,1082.29768,0.178702455,17.87024547
29,1,7/1/25 7:00,Control,control,7/1/25,22.89290012,0.003779937,0.377993737,1223.154621,0.201959902,20.19599018
29,2,7/1/25 8:00,Control,control,7/1/25,21.38152066,0.003530388,0.353038752,1211.654984,0.200061151,20.00611512
29,3,7/1/25 8:00,Control,control,7/1/25,24.52301185,0.004049092,0.404909157,1108.996038,0.183110726,18.31107263
30,1,7/1/25 8:00,Control,control,7/1/25,20.52335323,0.003388692,0.33886921,1244.862748,0.205544217,20.55442166
30,2,7/1/25 9:00,Control,control,7/1/25,20.54704972,0.003392605,0.339260472,1232.619269,0.203522647,20.35226473
30,3,7/1/25 9:00,Control,control,7/1/25,22.11812166,0.003652011,0.365201063,1132.316605,0.186961277,18.69612774
31,1,7/1/25 10:00,Control,control,7/1/25,17.80622109,0.002940056,0.294005566,1264.027535,0.20870859,20.87085905
31,2,7/1/25 10:00,Control,control,7/1/25,17.65269396,0.002914706,0.291470619,1251.719141,0.206676303,20.66763028
31,3,7/1/25 10:00,Control,control,7/1/25,19.08131075,0.003150591,0.315059076,1152.916321,0.190362578,19.03625781
32,1,7/1/25 11:00,Control,control,7/1/25,17.11920779,0.00282662,0.282662017,1281.490249,0.211591928,21.15919284
32,2,7/1/25 11:00,Control,control,7/1/25,16.79350386,0.002772842,0.277284191,1268.94224,0.209520077,20.95200768
32,3,7/1/25 12:00,Control,control,7/1/25,16.63150494,0.002746094,0.274609362,1170.772729,0.19331092,19.33109203
34,1,7/1/25 12:00,Control,control,7/1/25,12.39553607,0.002046676,0.204667603,1311.004993,0.216465225,21.64652246
34,2,7/1/25 12:00,Control,control,7/1/25,14.56645924,0.002405126,0.240512575,1300.302203,0.214698045,21.46980445
34,3,7/1/25 13:00,Control,control,7/1/25,13.58043132,0.002242319,0.224231878,1200.984665,0.198299333,19.82993327
35,1,7/1/25 13:00,Control,control,7/1/25,13.04665021,0.002154184,0.215418407,1323.726086,0.218565655,21.85656546
35,2,7/1/25 14:00,Control,control,7/1/25,12.9428633,0.002137047,0.21370474,1314.056864,0.216969131,21.69691311
35,3,7/1/25 14:00,Control,control,7/1/25,10.94098562,0.001806509,0.180650945,1213.245374,0.200323747,20.03237468
36,1,7/1/25 14:00,Control,control,7/1/25,10.23528722,0.001689989,0.168998879,1335.367055,0.220487741,22.04877411
36,2,7/1/25 15:00,Control,control,7/1/25,8.319062755,0.001373593,0.137359339,1324.687827,0.218724451,21.87244515
36,3,7/1/25 15:00,Control,control,7/1/25,8.162984149,0.001347823,0.134782263,1222.797359,0.201900913,20.19009129
37,1,7/1/25 16:00,Control,control,7/1/25,7.292819923,0.001204146,0.120414637,1344.131108,0.221934809,22.19348086
37,2,7/1/25 16:00,Control,control,7/1/25,6.821468273,0.00112632,0.112631963,1332.258093,0.219974408,21.9974408
37,3,7/1/25 16:00,Control,control,7/1/25,7.146138052,0.001179927,0.117992714,1230.45192,0.203164788,20.31647878
38,1,7/1/25 17:00,Control,control,7/1/25,6.185495911,0.001021312,0.102131172,1350.870266,0.223047538,22.30475377
38,2,7/1/25 17:00,Control,control,7/1/25,7.131454027,0.001177503,0.117750261,1339.234554,0.221126319,22.11263191
38,3,7/1/25 18:00,Control,control,7/1/25,7.702890962,0.001271855,0.127185482,1237.876434,0.204390679,20.43906787
40,1,7/1/25 18:00,Control,control,7/1/25,6.082211624,0.001004258,0.100425804,1363.137974,0.225073107,22.50731074
40,2,7/1/25 18:00,Control,control,7/1/25,6.37286347,0.001052249,0.105224872,1352.738871,0.22335607,22.33560704
40,3,7/1/25 19:00,Control,control,7/1/25,6.618519615,0.00109281,0.109280998,1252.197845,0.206755344,20.67553435
41,1,7/1/25 19:00,Control,control,7/1/25,5.749427705,0.000949311,0.094931077,1369.053794,0.226049892,22.60498918
41,2,7/1/25 20:00,Control,control,7/1/25,5.876995904,0.000970374,0.097037406,1358.863801,0.224367382,22.43673818
41,3,7/1/25 20:00,Control,control,7/1/25,6.00956976,0.000992264,0.099226385,1258.51189,0.20779788,20.77978804
42,1,7/1/25 20:00,Control,control,7/1/25,5.137763883,0.000848317,0.084831653,1374.497389,0.226948705,22.69487055
42,2,7/1/25 21:00,Control,control,7/1/25,5.048122672,0.000833516,0.083351552,1364.32636,0.225269327,22.52693266
42,3,7/1/25 21:00,Control,control,7/1/25,5.197219345,0.000858133,0.085813346,1264.115284,0.208723079,20.87230791
43,1,7/1/25 22:00,Control,control,7/1/25,4.001635404,0.000660726,0.066072586,1379.067089,0.227703227,22.77032267
43,2,7/1/25 22:00,Control,control,7/1/25,4.610808486,0.000761309,0.076130884,1369.155826,0.226066739,22.60667388
43,3,7/1/25 22:00,Control,control,7/1/25,4.715093254,0.000778528,0.077852771,1269.07144,0.20954141,20.95414097
44,1,7/1/25 23:00,Control,control,7/1/25,3.480383505,0.00057466,0.05746599,1382.808098,0.22832092,22.83209196
44,2,7/1/25 23:00,Control,control,7/1/25,3.709833689,0.000612545,0.061254533,1373.316147,0.226753666,22.67536659
44,3,7/2/25,Control,control,7/2/25,3.895912764,0.00064327,0.064326958,1273.376943,0.210252308,21.02523083
46,1,7/2/25,Control,control,7/2/25,3.174400979,0.000524138,0.052413791,1389.462883,0.229419717,22.94197174
46,2,7/2/25,Control,control,7/2/25,5.070422439,0.000837198,0.083719752,1382.096403,0.228203409,22.82034087
46,3,7/2/25 1:00,Control,control,7/2/25,5.958153156,0.000983774,0.098377426,1283.231009,0.211879352,21.18793522
47,1,7/2/25 1:00,Control,control,7/2/25,6.838597893,0.001129148,0.112914797,1394.469382,0.23024636,23.02463603
47,2,7/2/25 2:00,Control,control,7/2/25,6.401587232,0.001056991,0.105699141,1387.832408,0.229150503,22.91505032
47,3,7/2/25 2:00,Control,control,7/2/25,5.99461853,0.000989795,0.09897952,1289.207395,0.212866137,21.28661369
48,1,7/2/25 2:00,Control,control,7/2/25,4.191575961,0.000692088,0.06920877,1399.984469,0.231156978,23.11569782
48,2,7/2/25 3:00,Control,control,7/2/25,1.818513404,0.000300262,0.030026195,1391.942458,0.22982913,22.98291299
48,3,7/2/25 3:00,Control,control,7/2/25,4.690991889,0.000774548,0.077454824,1294.5502,0.213748309,21.37483086
49,1,7/2/25 4:00,Control,control,7/2/25,5.483055135,0.000905329,0.090532894,1404.821785,0.231955686,23.19556865
49,2,7/2/25 4:00,Control,control,7/2/25,9.706678992,0.001602708,0.16027082,1397.705054,0.230780615,23.07806149
49,3,7/2/25 4:00,Control,control,7/2/25,8.201158167,0.001354126,0.135412569,1300.996275,0.214812646,21.48126456
50,1,7/2/25 5:00,Control,control,7/2/25,5.414355106,0.000893986,0.089398561,1410.27049,0.232855344,23.28553438
50,2,7/2/25 5:00,Control,control,7/2/25,7.553701192,0.001247222,0.124722151,1406.335244,0.23220558,23.22055798
50,3,7/2/25 6:00,Control,control,7/2/25,8.676779233,0.001432657,0.143265737,1309.435244,0.216206037,21.62060371
52,1,7/2/25 6:00,Control,control,7/2/25,6.502013308,0.001073573,0.107357316,1422.186858,0.234822903,23.48229025
52,2,7/2/25 6:00,Control,control,7/2/25,7.13610419,0.00117827,0.117827041,1421.02505,0.234631072,23.46310717
52,3,7/2/25 7:00,Control,control,7/2/25,5.541549821,0.000914987,0.091498723,1323.653573,0.218553682,21.85536817
53,1,7/2/25 7:00,Control,control,7/2/25,5.406604172,0.000892706,0.089270582,1428.141167,0.235806042,23.5806042
53,2,7/2/25 8:00,Control,control,7/2/25,4.444399524,0.000733832,0.07338324,1426.815302,0.235587123,23.55871231
53,3,7/2/25 8:00,Control,control,7/2/25,4.220386213,0.000696845,0.069684468,1328.534541,0.219359598,21.93595977
54,1,7/2/25 8:00,Control,control,7/2/25,4.492503833,0.000741775,0.074177509,1433.090721,0.236623282,23.66232825
54,2,7/2/25 9:00,Control,control,7/2/25,4.218782143,0.00069658,0.069657982,1431.146892,0.236302329,23.63023292
54,3,7/2/25 9:00,Control,control,7/2/25,7.866718403,0.001298905,0.129890502,1334.578093,0.220357473,22.03574725
55,1,7/2/25 10:00,Control,control,7/2/25,4.287847033,0.000707983,0.07079834,1437.480897,0.237348162,23.73481617
55,2,7/2/25 10:00,Control,control,7/2/25,3.527946868,0.000582513,0.058251327,1435.020257,0.236941876,23.69418758
55,3,7/2/25 10:00,Control,control,7/2/25,4.693416512,0.000774949,0.077494858,1340.858161,0.221394399,22.13943993
56,1,7/2/25 11:00,Control,control,7/2/25,5.802560686,0.000958084,0.095808377,1442.5261,0.238181195,23.81811953
56,2,7/2/25 11:00,Control,control,7/2/25,4.293854733,0.000708975,0.070897535,1438.931158,0.23758762,23.75876201
56,3,7/2/25 12:00,Control,control,7/2/25,1.736516527,0.000286723,0.028672312,1344.073127,0.221925235,22.19252352
58,1,7/2/25 12:00,Control,control,7/2/25,2.640322283,0.000435954,0.043595406,1450.968983,0.239575233,23.95752331
58,2,7/2/25 12:00,Control,control,7/2/25,1.961830079,0.000323926,0.032392553,1445.186843,0.238620521,23.8620521
58,3,7/2/25 13:00,Control,control,7/2/25,1.690925696,0.000279195,0.027919544,1347.50057,0.222491154,22.24911537
59,1,7/2/25 13:00,Control,control,7/2/25,2.55861967,0.000422464,0.042246382,1453.568454,0.240004442,24.00044421
59,2,7/2/25 14:00,Control,control,7/2/25,1.581755416,0.00026117,0.02611699,1446.958635,0.238913069,23.89130687
59,3,7/2/25 14:00,Control,control,7/2/25,1.030765605,0.000170194,0.017019379,1348.861415,0.222715848,22.27158483
60,1,7/2/25 14:00,Control,control,7/2/25,1.297411092,0.000214221,0.021422068,1455.49647,0.240322784,24.03227843
60,2,7/2/25 15:00,Control,control,7/2/25,0.681741669,0.000112565,0.011256507,1448.090384,0.239099936,23.90999362
60,3,7/2/25 15:00,Control,control,7/2/25,0.93905809,0.000155052,0.01550516,1349.846327,0.222878471,22.2878471
61,1,7/2/25 16:00,Control,control,7/2/25,0.992551553,0.000163884,0.016388412,1456.641451,0.240511837,24.05118367
61,2,7/2/25 16:00,Control,control,7/2/25,0.345487187,5.70E-05,0.005704476,1448.603998,0.239184741,23.91847411
61,3,7/2/25 16:00,Control,control,7/2/25,0.680333856,0.000112333,0.011233262,1350.656023,0.223012163,22.30121631
62,1,7/2/25 17:00,Control,control,7/2/25,0.889410621,0.000146854,0.014685411,1457.582432,0.240667206,24.06672058
62,2,7/2/25 17:00,Control,control,7/2/25,0.357009874,5.89E-05,0.005894731,1448.955247,0.239242737,23.92427371
62,3,7/2/25 17:00,Control,control,7/2/25,0.813126834,0.000134259,0.013425859,1351.402753,0.223135459,22.31354587
64,1,7/2/25 18:00,Control,control,7/2/25,0.898872112,0.000148416,0.014841633,1459.370715,0.240962476,24.09624763
64,2,7/2/25 18:00,Control,control,7/2/25,0.504833694,8.34E-05,0.008335509,1449.81709,0.23938504,23.93850395
64,3,7/2/25 19:00,Control,control,7/2/25,0.768421449,0.000126877,0.012687711,1352.984302,0.223396594,22.33965944
65,1,7/2/25 19:00,Control,control,7/2/25,0.863020897,0.000142497,0.01424968,1460.251661,0.241107933,24.11079329
65,2,7/2/25 19:00,Control,control,7/2/25,0.649033614,0.000107165,0.010716451,1450.394024,0.239480299,23.94802993
65,3,7/2/25 20:00,Control,control,7/2/25,0.701794846,0.000115876,0.011587613,1353.71941,0.223517971,22.35179711
66,1,7/2/25 20:00,Control,control,7/2/25,0.862041113,0.000142335,0.014233502,1461.114192,0.241250349,24.12503488
66,2,7/2/25 21:00,Control,control,7/2/25,0.638357314,0.000105402,0.01054017,1451.03772,0.239586582,23.95865824
66,3,7/2/25 21:00,Control,control,7/2/25,0.591642769,9.77E-05,0.009768848,1354.366129,0.223624753,22.36247534
67,1,7/2/25 21:00,Control,control,7/2/25,0.662051402,0.000109314,0.010931393,1461.876239,0.241376173,24.13761732
67,2,7/2/25 22:00,Control,control,7/2/25,0.485268689,8.01E-05,0.008012463,1451.599533,0.239679346,23.96793456
67,3,7/2/25 22:00,Control,control,7/2/25,0.484414817,8.00E-05,0.007998365,1354.904158,0.223713589,22.37135894
68,1,7/2/25 23:00,Control,control,7/2/25,0.426726254,7.05E-05,0.007045846,1462.420627,0.241466059,24.14660594
68,2,7/2/25 23:00,Control,control,7/2/25,0.59774736,9.87E-05,0.009869643,1452.141041,0.239768756,23.97687561
68,3,7/2/25 23:00,Control,control,7/2/25,0.640055776,0.000105682,0.010568214,1355.466393,0.223806422,22.38064223
70,1,7/3/25,Control,control,7/3/25,0.497267762,8.21E-05,0.008210585,1463.344621,0.241618624,24.16186237
70,2,7/3/25,Control,control,7/3/25,2.07680595,0.00034291,0.034290965,1454.815594,0.240210362,24.02103622
70,3,7/3/25 1:00,Control,control,7/3/25,1.189834883,0.000196458,0.019645835,1357.296283,0.224108563,22.41085628
71,1,7/3/25 1:00,Control,control,7/3/25,1.97039109,0.000325339,0.032533907,1464.578451,0.241822346,24.18223462
71,2,7/3/25 1:00,Control,control,7/3/25,4.984974175,0.000823089,0.082308882,1458.346484,0.240793361,24.07933615
71,3,7/3/25 2:00,Control,control,7/3/25,2.137485443,0.000352929,0.035292868,1358.959944,0.224383256,22.43832563
72,1,7/3/25 2:00,Control,control,7/3/25,3.189178856,0.000526578,0.052657795,1467.158236,0.242248305,24.22483047
72,2,7/3/25 3:00,Control,control,7/3/25,4.784644519,0.000790012,0.07900116,1463.231293,0.241599912,24.15999117
72,3,7/3/25 3:00,Control,control,7/3/25,2.767266004,0.000456914,0.045691425,1361.412319,0.224788178,22.47881778
73,1,7/3/25 3:00,Control,control,7/3/25,3.718328887,0.000613948,0.0613948,1470.61199,0.242818568,24.28185677
73,2,7/3/25 4:00,Control,control,7/3/25,4.433602312,0.00073205,0.073204963,1467.840417,0.242360942,24.23609423
73,3,7/3/25 4:00,Control,control,7/3/25,2.983221904,0.000492572,0.049257158,1364.287563,0.225262921,22.52629207
74,1,7/3/25 5:00,Control,control,7/3/25,2.860859681,0.000472368,0.047236787,1473.901584,0.243361726,24.33617256
74,2,7/3/25 5:00,Control,control,7/3/25,3.7746185,0.000623242,0.06232422,1471.944527,0.243038588,24.30385882
74,3,7/3/25 5:00,Control,control,7/3/25,3.563732959,0.000588422,0.058842206,1367.561041,0.225803418,22.58034175
76,1,7/3/25 6:00,Control,control,7/3/25,3.067149071,0.000506429,0.050642913,1479.829593,0.244340523,24.43405226
76,2,7/3/25 6:00,Control,control,7/3/25,4.307129928,0.000711167,0.071116727,1480.026276,0.244372998,24.43729977
76,3,7/3/25 7:00,Control,control,7/3/25,3.439985164,0.00056799,0.056798957,1374.564759,0.226959829,22.69598292
77,1,7/3/25 7:00,Control,control,7/3/25,2.681383215,0.000442734,0.04427338,1482.703859,0.244815104,24.48151041
77,2,7/3/25 7:00,Control,control,7/3/25,3.424131183,0.000565372,0.056537186,1483.891906,0.245011267,24.50112672
77,3,7/3/25 8:00,Control,control,7/3/25,3.162331476,0.000522145,0.052214507,1377.865917,0.227504896,22.75048965
78,1,7/3/25 8:00,Control,control,7/3/25,2.518317751,0.000415809,0.041580941,1485.303709,0.245244376,24.52443757
78,2,7/3/25 9:00,Control,control,7/3/25,3.27864169,0.00054135,0.054134951,1487.243293,0.245564628,24.55646279
78,3,7/3/25 9:00,Control,control,7/3/25,2.278019777,0.000376133,0.037613286,1380.586093,0.227954035,22.79540354
79,1,7/3/25 9:00,Control,control,7/3/25,2.513358637,0.000414991,0.041499059,1487.819548,0.245659776,24.56597757
79,2,7/3/25 10:00,Control,control,7/3/25,3.892180035,0.000642653,0.064265325,1490.828703,0.246156629,24.61566293
79,3,7/3/25 10:00,Control,control,7/3/25,2.491150192,0.000411324,0.041132367,1382.970678,0.228347764,22.83477637
80,1,7/3/25 11:00,Control,control,7/3/25,2.43740559,0.00040245,0.040244969,1490.29493,0.246068496,24.60684958
80,2,7/3/25 11:00,Control,control,7/3/25,2.992378884,0.000494084,0.049408352,1494.270983,0.246724998,24.67249977
80,3,7/3/25 11:00,Control,control,7/3/25,1.866031222,0.000308108,0.03081078,1385.149269,0.228707479,22.87074794
82,1,7/3/25 12:00,Control,control,7/3/25,2.092625204,0.000345522,0.034552163,1494.82496,0.246816467,24.68164671
82,2,7/3/25 12:00,Control,control,7/3/25,2.809353766,0.000463864,0.046386352,1500.072715,0.247682945,24.76829447
82,3,7/3/25 13:00,Control,control,7/3/25,1.963431761,0.00032419,0.032418999,1388.978731,0.229339777,22.93397772
83,1,7/3/25 13:00,Control,control,7/3/25,1.803196487,0.000297733,0.029773291,1496.772871,0.247138094,24.71380944
83,2,7/3/25 13:00,Control,control,7/3/25,2.051248097,0.00033869,0.033868969,1502.503016,0.248084221,24.80842214
83,3,7/3/25 14:00,Control,control,7/3/25,1.621977574,0.000267811,0.026781114,1390.771436,0.229635778,22.96357778
84,1,7/3/25 14:00,Control,control,7/3/25,1.467286076,0.000242269,0.024226941,1498.408113,0.247408096,24.74080956
84,2,7/3/25 15:00,Control,control,7/3/25,1.26274803,0.000208497,0.020849733,1504.160014,0.248357815,24.83578149
84,3,7/3/25 15:00,Control,control,7/3/25,0.995817543,0.000164423,0.016442338,1392.080334,0.229851895,22.98518951
85,1,7/3/25 15:00,Control,control,7/3/25,0.954857726,0.00015766,0.015766034,1499.619185,0.24760806,24.76080605
85,2,7/3/25 16:00,Control,control,7/3/25,0.773207505,0.000127667,0.012766735,1505.177992,0.248525897,24.85258972
85,3,7/3/25 16:00,Control,control,7/3/25,0.670896632,0.000110774,0.01107744,1392.913691,0.229989494,22.99894939
86,1,7/3/25 17:00,Control,control,7/3/25,0.658944859,0.000108801,0.010880099,1500.426086,0.247741291,24.77412911
86,2,7/3/25 17:00,Control,control,7/3/25,0.449212488,7.42E-05,0.007417125,1505.789202,0.248626817,24.86268165
86,3,7/3/25 17:00,Control,control,7/3/25,0.542404727,8.96E-05,0.008955859,1393.520341,0.23008966,23.00896604
88,1,7/3/25 18:00,Control,control,7/3/25,0.517593221,8.55E-05,0.008546187,1501.602624,0.247935554,24.7935554
88,2,7/3/25 18:00,Control,control,7/3/25,0.231286335,3.82E-05,0.00381886,1506.469701,0.248739176,24.87391764
88,3,7/3/25 19:00,Control,control,7/3/25,0.467939018,7.73E-05,0.007726326,1394.530685,0.230256482,23.02564823
89,1,7/3/25 19:00,Control,control,7/3/25,0.421713719,6.96E-05,0.006963082,1502.072277,0.2480131,24.80131003
89,2,7/3/25 19:00,Control,control,7/3/25,0.148427697,2.45E-05,0.002450748,1506.659558,0.248770524,24.87705244
89,3,7/3/25 20:00,Control,control,7/3/25,0.40767365,6.73E-05,0.006731261,1394.968492,0.23032877,23.03287702
90,1,7/3/25 20:00,Control,control,7/3/25,0.403491616,6.66E-05,0.00666221,1502.48488,0.248081227,24.80812268
90,2,7/3/25 21:00,Control,control,7/3/25,0.165396412,2.73E-05,0.002730926,1506.81647,0.248796433,24.87964328
90,3,7/3/25 21:00,Control,control,7/3/25,0.315488331,5.21E-05,0.005209153,1395.330073,0.230388472,23.03884723
91,1,7/3/25 21:00,Control,control,7/3/25,0.283451516,4.68E-05,0.00468018,1502.828352,0.248137939,24.81379387
91,2,7/3/25 22:00,Control,control,7/3/25,0.221020761,3.65E-05,0.003649361,1507.009679,0.248828334,24.88283342
91,3,7/3/25 22:00,Control,control,7/3/25,0.458480453,7.57E-05,0.007570152,1395.717057,0.230452369,23.04523688
92,1,7/3/25 23:00,Control,control,7/3/25,0.023091281,3.81E-06,0.000381269,1502.981623,0.248163246,24.8163246
92,2,7/3/25 23:00,Control,control,7/3/25,0.489795565,8.09E-05,0.008087208,1507.365087,0.248887017,24.88870171
92,3,7/3/25 23:00,Control,control,7/3/25,0.838154878,0.000138391,0.013839107,1396.365375,0.230559415,23.05594151
94,1,7/4/25,Control,control,7/4/25,0.064700734,1.07E-05,0.001068299,1503.069415,0.248177742,24.81777417
94,2,7/4/25,Control,control,7/4/25,2.265307207,0.000374034,0.037403384,1510.12019,0.249341923,24.9341923
94,3,7/4/25 1:00,Control,control,7/4/25,1.344366664,0.000221974,0.02219737,1398.547896,0.23091978,23.09197799
95,1,7/4/25 1:00,Control,control,7/4/25,2.895379919,0.000478068,0.047806764,1504.549455,0.248422117,24.8422117
95,2,7/4/25 1:00,Control,control,7/4/25,6.386222778,0.001054455,0.105445453,1514.445955,0.250056167,25.00561672
95,3,7/4/25 2:00,Control,control,7/4/25,2.897792297,0.000478466,0.047846596,1400.668976,0.23127,23.12699997
96,1,7/4/25 2:00,Control,control,7/4/25,3.548285806,0.000585872,0.058587152,1507.771288,0.248954087,24.89540866
96,2,7/4/25 3:00,Control,control,7/4/25,4.880155182,0.000805782,0.080578174,1520.079144,0.250986285,25.09862853
96,3,7/4/25 3:00,Control,control,7/4/25,3.602465443,0.000594817,0.059481733,1403.919104,0.231806641,23.18066414
97,1,7/4/25 3:00,Control,control,7/4/25,4.071023001,0.000672183,0.067218272,1511.580943,0.249583114,24.95831137
97,2,7/4/25 4:00,Control,control,7/4/25,3.403309841,0.000561934,0.056193396,1524.220876,0.251670143,25.16701432
97,3,7/4/25 4:00,Control,control,7/4/25,2.713912004,0.000448105,0.044810476,1407.077293,0.232328102,23.23281024
98,1,7/4/25 5:00,Control,control,7/4/25,2.028384284,0.000334915,0.033491456,1514.630646,0.250086662,25.00866623
98,2,7/4/25 5:00,Control,control,7/4/25,4.918675771,0.000812142,0.081214203,1528.381869,0.252357181,25.23571812
98,3,7/4/25 5:00,Control,control,7/4/25,4.322122159,0.000713643,0.07136427,1410.59531,0.232908976,23.29089761
100,1,7/4/25 6:00,Control,control,7/4/25,1.914496823,0.00031611,0.031611015,1518.573527,0.250737687,25.0737687
100,2,7/4/25 6:00,Control,control,7/4/25,2.543054702,0.000419894,0.041989383,1535.843599,0.253589217,25.3589217
100,3,7/4/25 7:00,Control,control,7/4/25,3.71366064,0.000613177,0.061317721,1418.631093,0.234235796,23.42357961
101,1,7/4/25 7:00,Control,control,7/4/25,3.039811275,0.000501915,0.050191527,1521.050681,0.2511467,25.11466998
101,2,7/4/25 7:00,Control,control,7/4/25,3.06629595,0.000506288,0.050628826,1538.648275,0.254052308,25.40523081
101,3,7/4/25 8:00,Control,control,7/4/25,3.183681212,0.00052567,0.052567021,1422.079764,0.23480522,23.48052198
102,1,7/4/25 8:00,Control,control,7/4/25,3.457466985,0.000570876,0.057087606,1524.299321,0.251683095,25.16830954
102,2,7/4/25 9:00,Control,control,7/4/25,1.142808951,0.000188694,0.018869371,1540.752827,0.254399799,25.4399799
102,3,7/4/25 9:00,Control,control,7/4/25,1.991581658,0.000328838,0.032883793,1424.667395,0.235232474,23.52324738
103,1,7/4/25 9:00,Control,control,7/4/25,1.971228022,0.000325477,0.032547726,1527.013668,0.252131272,25.21312721
103,2,7/4/25 10:00,Control,control,7/4/25,1.791527416,0.000295806,0.029580618,1542.219995,0.254642049,25.4642049
103,3,7/4/25 10:00,Control,control,7/4/25,1.294121534,0.000213678,0.021367753,1426.310247,0.235503732,23.55037316
104,1,7/4/25 11:00,Control,control,7/4/25,1.494491186,0.000246761,0.024676136,1528.746528,0.252417391,25.24173914
104,2,7/4/25 11:00,Control,control,7/4/25,1.038665706,0.000171498,0.017149821,1543.635092,0.254875701,25.48757012
104,3,7/4/25 11:00,Control,control,7/4/25,0.835747653,0.000137994,0.01379936,1427.375182,0.235679567,23.56795671
106,1,7/4/25 12:00,Control,control,7/4/25,1.041558089,0.000171976,0.017197578,1531.282577,0.252836129,25.28361285
106,2,7/4/25 12:00,Control,control,7/4/25,0.633099269,0.000104534,0.010453353,1545.306857,0.255151733,25.51517329
106,3,7/4/25 13:00,Control,control,7/4/25,0.64543106,0.00010657,0.010656968,1428.85636,0.23592413,23.59241304
107,1,7/4/25 13:00,Control,control,7/4/25,0.898977389,0.000148434,0.014843372,1532.252845,0.252996333,25.29963333
107,2,7/4/25 13:00,Control,control,7/4/25,0.608423022,0.000100459,0.010045913,1545.927618,0.255254229,25.52542292
107,3,7/4/25 14:00,Control,control,7/4/25,0.780106787,0.000128807,0.012880652,1429.569129,0.236041819,23.60418185
108,1,7/4/25 14:00,Control,control,7/4/25,0.904846397,0.000149403,0.014940277,1533.154757,0.253145252,25.31452515
108,2,7/4/25 15:00,Control,control,7/4/25,0.61622757,0.000101748,0.010174777,1546.539943,0.255355333,25.53553327
108,3,7/4/25 15:00,Control,control,7/4/25,0.738348062,0.000121912,0.012191157,1430.328357,0.236167178,23.61671776
109,1,7/4/25 15:00,Control,control,7/4/25,0.806499636,0.000133164,0.013316435,1534.01043,0.253286535,25.32865351
109,2,7/4/25 16:00,Control,control,7/4/25,0.308403018,5.09E-05,0.005092164,1547.002259,0.255431667,25.54316674
109,3,7/4/25 16:00,Control,control,7/4/25,0.645387868,0.000106563,0.010656255,1431.020225,0.236281415,23.62814146
110,1,7/4/25 17:00,Control,control,7/4/25,0.807654298,0.000133355,0.0133355,1534.817507,0.253419795,25.34197947
110,2,7/4/25 17:00,Control,control,7/4/25,0.361235962,5.96E-05,0.00596451,1547.337078,0.255486951,25.54869508
110,3,7/4/25 17:00,Control,control,7/4/25,0.612539717,0.000101139,0.010113886,1431.649188,0.236385265,23.63852653
112,1,7/4/25 18:00,Control,control,7/4/25,0.759233066,0.00012536,0.012535998,1536.384394,0.25367851,25.36785097
112,2,7/4/25 18:00,Control,control,7/4/25,0.360981249,5.96E-05,0.005960304,1548.059295,0.255606199,25.56061989
112,3,7/4/25 19:00,Control,control,7/4/25,0.626686971,0.000103475,0.010347477,1432.888415,0.236589879,23.65898789
113,1,7/4/25 19:00,Control,control,7/4/25,0.754149057,0.000124521,0.012452054,1537.141085,0.25380345,25.380345
113,2,7/4/25 19:00,Control,control,7/4/25,0.425801471,7.03E-05,0.007030577,1548.452687,0.255671153,25.56711533
113,3,7/4/25 20:00,Control,control,7/4/25,0.667623556,0.000110234,0.011023397,1433.53557,0.236696733,23.66967333
114,1,7/4/25 20:00,Control,control,7/4/25,0.798943238,0.000131917,0.013191668,1537.917631,0.253931669,25.39316686
114,2,7/4/25 21:00,Control,control,7/4/25,0.490909482,8.11E-05,0.008105601,1548.911042,0.255746834,25.57468342
114,3,7/4/25 21:00,Control,control,7/4/25,0.701766858,0.000115872,0.01158715,1434.220266,0.236809786,23.6809786
115,1,7/4/25 21:00,Control,control,7/4/25,0.860464132,0.000142075,0.014207464,1538.747335,0.254068664,25.40686643
115,2,7/4/25 22:00,Control,control,7/4/25,0.351823821,5.81E-05,0.005809102,1549.332409,0.255816408,25.58164077
115,3,7/4/25 22:00,Control,control,7/4/25,0.467931815,7.73E-05,0.007726207,1434.805115,0.236906353,23.69063528
116,1,7/4/25 23:00,Control,control,7/4/25,0.584618948,9.65E-05,0.009652875,1539.469876,0.254187966,25.41879659
116,2,7/4/25 23:00,Control,control,7/4/25,0.268731744,4.44E-05,0.004437136,1549.642687,0.255867639,25.58676389
116,3,7/4/25 23:00,Control,control,7/4/25,0.505716438,8.35E-05,0.008350084,1435.291939,0.236986734,23.69867343
118,1,7/5/25,Control,control,7/5/25,0.58370815,9.64E-05,0.009637836,1540.638203,0.254380873,25.43808731
118,2,7/5/25,Control,control,7/5/25,0.184145076,3.04E-05,0.003040492,1550.095563,0.255942415,25.59424152
118,3,7/5/25 1:00,Control,control,7/5/25,0.692759128,0.000114384,0.01143842,1436.490415,0.237184619,23.71846193
119,1,7/5/25 1:00,Control,control,7/5/25,0.455262525,7.52E-05,0.00751702,1541.157689,0.254466647,25.44666473
119,2,7/5/25 1:00,Control,control,7/5/25,0.24088149,3.98E-05,0.00397729,1550.308077,0.255977504,25.59775041
119,3,7/5/25 2:00,Control,control,7/5/25,2.073987764,0.000342444,0.034244433,1437.873788,0.237413034,23.74130336
120,1,7/5/25 2:00,Control,control,7/5/25,0.834378403,0.000137768,0.013776752,1541.802509,0.254573116,25.45731162
120,2,7/5/25 3:00,Control,control,7/5/25,0.552493342,9.12E-05,0.009122436,1550.704764,0.256043003,25.60430028
120,3,7/5/25 3:00,Control,control,7/5/25,2.022308244,0.000333911,0.033391132,1439.921936,0.237751211,23.77512114